,UTCtimestamps,timestamp,open,high,low,close,volume,vwap
0,1.27761E+12,2010-06-27 00:00:00-04:00,3.8,6.0838,3.508,3.84,246746700,4.54719
1,1.27822E+12,2010-07-04 00:00:00-04:00,4,4,2.996,3.48,127911775,3.35201
2,1.27882E+12,2010-07-11 00:00:00-04:00,3.59,4.3,3.38,4.128,77231235,3.84883
3,1.27943E+12,2010-07-18 00:00:00-04:00,4.274,4.45,3.9,4.258,35907780,4.22428
4,1.28003E+12,2010-07-25 00:00:00-04:00,4.3,4.3,3.91,3.988,15260255,4.11162
5,1.28064E+12,2010-08-01 00:00:00-04:00,4.1,4.436,3.904,3.918,22047210,4.17338
6,1.28124E+12,2010-08-08 00:00:00-04:00,3.98,3.996,3.478,3.664,21086930,3.72684
7,1.28184E+12,2010-08-15 00:00:00-04:00,3.69,3.918,3.6523,3.82,12060025,3.76862
8,1.28245E+12,2010-08-22 00:00:00-04:00,3.818,4.0778,3.712,3.94,15388850,3.9132
9,1.28305E+12,2010-08-29 00:00:00-04:00,3.94,4.26,3.866,4.21,11756220,4.06648
10,1.28366E+12,2010-09-05 00:00:00-04:00,4.122,4.21,3.952,4.034,6472425,4.12564
11,1.28426E+12,2010-09-12 00:00:00-04:00,4.178,4.632,3.96,4.046,27922140,4.2787
12,1.28487E+12,2010-09-19 00:00:00-04:00,4.134,4.31,3.9,4.02,19766770,4.09302
13,1.28547E+12,2010-09-26 00:00:00-04:00,4.08,4.43,4.01,4.12,31991075,4.22457
14,1.28608E+12,2010-10-03 00:00:00-04:00,4.086,4.256,4.06,4.086,8491085,4.15348
15,1.28668E+12,2010-10-10 00:00:00-04:00,4.088,4.206,4.006,4.108,6575535,4.09313
16,1.28729E+12,2010-10-17 00:00:00-04:00,4.104,4.19,4,4.144,6496600,4.09837
17,1.28789E+12,2010-10-24 00:00:00-04:00,4.188,4.374,4.102,4.368,8143960,4.24891
18,1.2885E+12,2010-10-31 00:00:00-04:00,4.388,5.066,4.21,4.888,20190975,4.68736
19,1.2891E+12,2010-11-07 00:00:00-04:00,4.9,6.1,4.806,5.968,46012625,5.57628
20,1.28971E+12,2010-11-14 00:00:00-05:00,6.044,6.5879,5.684,6.198,34149735,6.11287
21,1.29032E+12,2010-11-21 00:00:00-05:00,6.314,7.2,6.3,7.064,24417775,6.8507
22,1.29092E+12,2010-11-28 00:00:00-05:00,7.0824,7.284,6.174,6.298,39175515,6.73508
23,1.29153E+12,2010-12-05 00:00:00-05:00,6.27,6.584,5.912,6.304,20411335,6.26629
24,1.29153E+12,2010-12-05 00:00:00-05:00,6.27,6.584,5.912,6.304,20411335,6.26629
25,1.29213E+12,2010-12-12 00:00:00-05:00,6.328,6.354,5.5522,6.272,22620140,5.94714
26,1.29273E+12,2010-12-19 00:00:00-05:00,6.328,6.572,5.984,6.018,18456895,6.31201
27,1.29334E+12,2010-12-26 00:00:00-05:00,5.604,5.716,5,5.326,100471765,5.29817
28,1.29394E+12,2011-01-02 00:00:00-05:00,5.368,5.716,5.18,5.648,41153905,5.45437
29,1.29455E+12,2011-01-09 00:00:00-05:00,5.634,5.742,5.122,5.15,29672660,5.43645
30,1.29515E+12,2011-01-16 00:00:00-05:00,5.096,5.128,4.474,4.608,37461260,4.79338
31,1.29576E+12,2011-01-23 00:00:00-05:00,4.706,5.016,4.646,4.802,29705395,4.89191
32,1.29636E+12,2011-01-30 00:00:00-05:00,4.81,4.946,4.63,4.692,15824110,4.74545
33,1.29697E+12,2011-02-06 00:00:00-05:00,4.652,5.05,4.558,4.65,42545390,4.75247
34,1.29757E+12,2011-02-13 00:00:00-05:00,4.728,5.098,4.512,4.636,56753865,4.77891
35,1.29818E+12,2011-02-20 00:00:00-05:00,4.576,4.77,4.222,4.722,30364775,4.47139
36,1.29878E+12,2011-02-27 00:00:00-05:00,4.748,4.998,4.7,4.99,25204950,4.8417
37,1.29939E+12,2011-03-06 00:00:00-05:00,4.986,5.08,4.706,4.814,31529720,4.91051
38,1.29999E+12,2011-03-13 00:00:00-05:00,4.764,4.8,4.36,4.592,26324215,4.59227
39,1.30059E+12,2011-03-20 00:00:00-04:00,4.61,4.61,4.354,4.55,12235190,4.48174
40,1.3012E+12,2011-03-27 00:00:00-04:00,4.54,5.742,4.51,5.332,87124550,5.37967
41,1.3018E+12,2011-04-03 00:00:00-04:00,5.366,5.588,5.046,5.298,59181845,5.31161
42,1.30241E+12,2011-04-10 00:00:00-04:00,5.294,5.306,4.84,5.116,29337890,5.04311
43,1.30301E+12,2011-04-17 00:00:00-04:00,5.026,5.396,4.872,5.348,19030430,5.12895
44,1.30362E+12,2011-04-24 00:00:00-04:00,5.34,5.574,5.194,5.52,27707100,5.41404
45,1.30422E+12,2011-05-01 00:00:00-04:00,5.52,5.56,5.15,5.424,24733745,5.396
46,1.30483E+12,2011-05-08 00:00:00-04:00,5.4,5.79,5.33,5.51,23521055,5.56252
47,1.30543E+12,2011-05-15 00:00:00-04:00,5.598,5.688,5.104,5.594,31085430,5.43433
48,1.30604E+12,2011-05-22 00:00:00-04:00,5.524,5.952,5.234,5.91,55974960,5.67121
49,1.30664E+12,2011-05-29 00:00:00-04:00,5.938,6.3,5.676,6.026,60086165,6.00935
50,1.30725E+12,2011-06-05 00:00:00-04:00,6.02,6.026,5.404,5.572,42107770,5.63227
51,1.30785E+12,2011-06-12 00:00:00-04:00,5.614,5.94,5.148,5.3,40944695,5.53977
52,1.30846E+12,2011-06-19 00:00:00-04:00,5.258,5.65,5.1,5.513,46443265,5.42803
53,1.30906E+12,2011-06-26 00:00:00-04:00,5.546,5.92,5.462,5.804,29804275,5.68754
54,1.30967E+12,2011-07-03 00:00:00-04:00,5.804,6,5.71,5.762,22456395,5.84488
55,1.31027E+12,2011-07-10 00:00:00-04:00,5.68,5.818,5.45,5.516,24775680,5.64078
56,1.31088E+12,2011-07-17 00:00:00-04:00,5.468,6.088,5.326,5.858,32613165,5.72387
57,1.31148E+12,2011-07-24 00:00:00-04:00,5.802,5.85,5.5,5.634,21408410,5.62172
58,1.31208E+12,2011-07-31 00:00:00-04:00,5.734,5.84,4.566,4.848,47724315,5.26158
59,1.31269E+12,2011-08-07 00:00:00-04:00,4.62,5.428,4.62,5.262,36756125,4.90541
60,1.31329E+12,2011-08-14 00:00:00-04:00,5.324,5.35,4.4,4.46,21759390,4.92047
61,1.3139E+12,2011-08-21 00:00:00-04:00,4.622,4.79,4.3,4.746,19906765,4.57522
62,1.3145E+12,2011-08-28 00:00:00-04:00,4.844,5.1,4.536,4.614,18060560,4.84384
63,1.31511E+12,2011-09-04 00:00:00-04:00,4.5,4.806,4.458,4.594,12219530,4.62636
64,1.31571E+12,2011-09-11 00:00:00-04:00,4.5,5.168,4.49,5.16,20519475,4.8785
65,1.31632E+12,2011-09-18 00:00:00-04:00,4.99,5.39,4.764,5.276,26288035,5.15571
66,1.31692E+12,2011-09-25 00:00:00-04:00,5.304,5.398,4.698,4.878,22989745,4.99388
67,1.31753E+12,2011-10-02 00:00:00-04:00,4.99,5.52,4.586,5.398,32666660,5.06736
68,1.31813E+12,2011-10-09 00:00:00-04:00,5.462,5.71,5.4,5.61,25335325,5.55933
69,1.31874E+12,2011-10-16 00:00:00-04:00,5.572,5.6855,5.342,5.606,23445880,5.5144
70,1.31934E+12,2011-10-23 00:00:00-04:00,5.574,6,5.48,5.974,21198640,5.73244
71,1.31995E+12,2011-10-30 00:00:00-04:00,5.9,6.498,5.6,6.462,40944875,6.1073
72,1.32055E+12,2011-11-06 00:00:00-04:00,6.328,6.9,6.06,6.728,40019255,6.38768
73,1.32116E+12,2011-11-13 00:00:00-05:00,6.6,7,6.508,6.52,31508455,6.76214
74,1.32177E+12,2011-11-20 00:00:00-05:00,6.488,6.558,6.21,6.332,12277250,6.34574
75,1.32237E+12,2011-11-27 00:00:00-05:00,6.4,6.798,6.326,6.66,19276345,6.5446
76,1.32297E+12,2011-12-04 00:00:00-05:00,6.706,7,5.922,6.208,36657465,6.42589
77,1.32297E+12,2011-12-04 00:00:00-05:00,6.706,7,5.922,6.208,36657465,6.42589
78,1.32358E+12,2011-12-11 00:00:00-05:00,6.088,6.186,5.596,5.6,23226890,5.81373
79,1.32418E+12,2011-12-18 00:00:00-05:00,5.618,5.7,5.206,5.58,25691660,5.51611
80,1.32479E+12,2011-12-25 00:00:00-05:00,5.532,5.868,5.528,5.712,10902755,5.71317
81,1.32539E+12,2012-01-01 00:00:00-05:00,5.788,5.9,5.282,5.382,17749035,5.51752
82,1.326E+12,2012-01-08 00:00:00-05:00,5.4,5.724,4.528,4.558,42383305,5.1142
83,1.3266E+12,2012-01-15 00:00:00-05:00,5.324,5.548,5.25,5.32,39105400,5.35229
84,1.32721E+12,2012-01-22 00:00:00-05:00,5.362,5.944,5.288,5.866,20414740,5.62315
85,1.32781E+12,2012-01-29 00:00:00-05:00,5.898,6.266,5.7058,6.23,18894445,5.9558
86,1.32842E+12,2012-02-05 00:00:00-05:00,6.22,6.58,5.968,6.22,27246985,6.29659
87,1.32902E+12,2012-02-12 00:00:00-05:00,6.31,6.994,6.18,6.994,46649900,6.63271
88,1.32963E+12,2012-02-19 00:00:00-05:00,6.974,6.994,6.5,6.75,22854920,6.80189
89,1.33023E+12,2012-02-26 00:00:00-05:00,6.682,6.9,6.6,6.808,15036130,6.7665
90,1.33084E+12,2012-03-04 00:00:00-05:00,6.87,7.062,6.524,6.948,17961040,6.77459
91,1.33144E+12,2012-03-11 00:00:00-05:00,6.938,7.318,6.92,7.064,25592295,7.11521
92,1.33204E+12,2012-03-18 00:00:00-04:00,7.052,7.064,6.63,6.816,19413050,6.92365
93,1.33265E+12,2012-03-25 00:00:00-04:00,7.118,7.99,7.0083,7.448,41592805,7.5282
94,1.33325E+12,2012-04-01 00:00:00-04:00,7.466,7.6939,6.882,6.896,40624740,7.14499
95,1.33386E+12,2012-04-08 00:00:00-04:00,6.82,6.896,6.402,6.718,31258825,6.62964
96,1.33446E+12,2012-04-15 00:00:00-04:00,6.682,6.746,6.306,6.632,23140765,6.52733
97,1.33507E+12,2012-04-22 00:00:00-04:00,6.572,6.726,6.2,6.668,16475695,6.49046
98,1.33567E+12,2012-04-29 00:00:00-04:00,6.654,6.878,6.28,6.366,18298695,6.55863
99,1.33628E+12,2012-05-06 00:00:00-04:00,6.392,6.936,5.874,6.45,64902415,6.42404
100,1.33688E+12,2012-05-13 00:00:00-04:00,6.384,6.426,5.366,5.512,34946235,5.86254
101,1.33749E+12,2012-05-20 00:00:00-04:00,5.516,6.268,5.424,5.962,34471090,5.98453
102,1.33809E+12,2012-05-27 00:00:00-04:00,6.002,6.386,5.552,5.63,24807345,6.02455
103,1.3387E+12,2012-06-03 00:00:00-04:00,5.606,6.038,5.422,6.016,19727255,5.72641
104,1.3393E+12,2012-06-10 00:00:00-04:00,6.062,6.2,5.724,5.982,17799730,5.90564
105,1.33991E+12,2012-06-17 00:00:00-04:00,5.988,6.9,5.9,6.757,52647570,6.62814
106,1.34051E+12,2012-06-24 00:00:00-04:00,6.788,6.824,6.124,6.258,36019865,6.41642
107,1.34112E+12,2012-07-01 00:00:00-04:00,6.27,6.3599,6.038,6.198,21505945,6.18537
108,1.34172E+12,2012-07-08 00:00:00-04:00,6.188,6.88,6.134,6.85,23689295,6.46394
109,1.34232E+12,2012-07-15 00:00:00-04:00,6.864,7.2,6.212,6.358,50998995,6.63653
110,1.34293E+12,2012-07-22 00:00:00-04:00,6.21,6.26,5.528,5.902,48337285,5.86087
111,1.34353E+12,2012-07-29 00:00:00-04:00,5.902,6.0496,5.104,5.454,38739015,5.44603
112,1.34414E+12,2012-08-05 00:00:00-04:00,5.51,6.18,5.51,5.988,33021710,5.88008
113,1.34474E+12,2012-08-12 00:00:00-04:00,5.938,6.26,5.762,6.002,16829330,6.02355
114,1.34535E+12,2012-08-19 00:00:00-04:00,6.03,6.17,5.8,5.9,28084995,5.96258
115,1.34595E+12,2012-08-26 00:00:00-04:00,5.914,5.94,5.6,5.704,23939535,5.71974
116,1.34656E+12,2012-09-02 00:00:00-04:00,5.704,5.914,5.562,5.87,15932585,5.70239
117,1.34716E+12,2012-09-09 00:00:00-04:00,5.84,6.13,5.459,6.078,33336240,5.75759
118,1.34777E+12,2012-09-16 00:00:00-04:00,6.47,6.556,5.908,6.004,44162350,6.27695
119,1.34837E+12,2012-09-23 00:00:00-04:00,5.902,6.206,5.496,5.856,73080835,5.73834
120,1.34898E+12,2012-09-30 00:00:00-04:00,5.9,6.02,5.73,5.778,25741420,5.8597
121,1.34958E+12,2012-10-07 00:00:00-04:00,5.772,5.88,5.5,5.528,20133270,5.69495
122,1.35019E+12,2012-10-14 00:00:00-04:00,5.604,5.798,5.372,5.548,21923135,5.55505
123,1.35079E+12,2012-10-21 00:00:00-04:00,5.598,5.712,5.404,5.476,16454150,5.53815
124,1.3514E+12,2012-10-28 00:00:00-04:00,5.54,5.91,5.474,5.7836,14147305,5.76271
125,1.352E+12,2012-11-04 00:00:00-04:00,5.96,6.41,5.866,6.064,41127460,6.19008
126,1.35261E+12,2012-11-11 00:00:00-05:00,6.058,6.424,6.032,6.368,21599100,6.25933
127,1.35321E+12,2012-11-18 00:00:00-05:00,6.414,6.694,6.34,6.426,18541600,6.52417
128,1.35382E+12,2012-11-25 00:00:00-05:00,6.42,6.858,6.304,6.764,27279435,6.64649
129,1.35442E+12,2012-12-02 00:00:00-05:00,6.778,7,6.7,6.834,26682165,6.83969
130,1.35442E+12,2012-12-02 00:00:00-05:00,6.778,7,6.7,6.834,26682165,6.83969
131,1.35503E+12,2012-12-09 00:00:00-05:00,6.886,7.16,6.55,6.762,38701930,6.91408
132,1.35563E+12,2012-12-16 00:00:00-05:00,6.754,7.052,6.716,6.8,30457380,6.88931
133,1.35624E+12,2012-12-23 00:00:00-05:00,6.728,6.9,6.6,6.644,9764000,6.71538
134,1.35684E+12,2012-12-30 00:00:00-05:00,6.6,7.09,6.6,6.88,16026950,6.93109
135,1.35745E+12,2013-01-06 00:00:00-05:00,6.96,6.96,6.422,6.582,24547760,6.69676
136,1.35805E+12,2013-01-13 00:00:00-05:00,6.616,6.97,6.57,6.904,44596115,6.81694
137,1.35866E+12,2013-01-20 00:00:00-05:00,6.912,7.544,6.852,7.396,33712145,7.2372
138,1.35926E+12,2013-01-27 00:00:00-05:00,7.372,7.742,7.372,7.66,31912505,7.57041
139,1.35987E+12,2013-02-03 00:00:00-05:00,7.68,8,7.518,7.848,33335880,7.75416
140,1.36047E+12,2013-02-10 00:00:00-05:00,7.596,7.83,7.39,7.408,47517525,7.61203
141,1.36108E+12,2013-02-17 00:00:00-05:00,7.472,7.93,6.908,7.222,87045775,7.27608
142,1.36168E+12,2013-02-24 00:00:00-05:00,7.23,7.35,6.76,6.93,55622220,6.97174
143,1.36229E+12,2013-03-03 00:00:00-05:00,6.954,7.888,6.94,7.694,35324800,7.39684
144,1.36289E+12,2013-03-10 00:00:00-05:00,7.774,7.898,7.042,7.058,44903620,7.48479
145,1.36349E+12,2013-03-17 00:00:00-04:00,7.06,7.412,6.984,7.324,27155085,7.15046
146,1.3641E+12,2013-03-24 00:00:00-04:00,7.42,7.704,7.354,7.578,33212130,7.57694
147,1.3647E+12,2013-03-31 00:00:00-04:00,8.472,9.336,8.0421,8.274,151102490,8.67175
148,1.36531E+12,2013-04-07 00:00:00-04:00,8.394,9.0278,8.066,8.75,60467890,8.53817
149,1.36591E+12,2013-04-14 00:00:00-04:00,8.7,9.976,8.502,9.566,66827430,9.22984
150,1.36652E+12,2013-04-21 00:00:00-04:00,9.72,10.748,9.55,10.24,83628110,10.18987
151,1.36712E+12,2013-04-28 00:00:00-04:00,10.352,11.636,10.24,10.91,91698340,10.93443
152,1.36773E+12,2013-05-05 00:00:00-04:00,11.278,16.2,11.024,15.3528,374143035,13.81889
153,1.36833E+12,2013-05-12 00:00:00-04:00,16.198,19.424,15.622,18.3,585402825,17.61134
154,1.36894E+12,2013-05-19 00:00:00-04:00,18.224,19.59,16.61,19.416,270433055,18.22036
155,1.36954E+12,2013-05-26 00:00:00-04:00,20.31,22.98,19.546,19.552,380518935,20.95411
156,1.37015E+12,2013-06-02 00:00:00-04:00,19.524,20.58,17.65,20.408,302279370,18.99737
157,1.37075E+12,2013-06-09 00:00:00-04:00,19.786,20.504,18.81,20.06,191798735,19.76611
158,1.37136E+12,2013-06-16 00:00:00-04:00,20.72,21.426,19.5,19.91,231488425,20.46895
159,1.37196E+12,2013-06-23 00:00:00-04:00,19.3,22.05,19.06,21.472,170446340,20.96827
160,1.37256E+12,2013-06-30 00:00:00-04:00,21.872,24.378,21.83,24.018,173039375,23.39365
161,1.37317E+12,2013-07-07 00:00:00-04:00,24.274,25.988,23.764,25.98,204271395,24.87659
162,1.37377E+12,2013-07-14 00:00:00-04:00,26.606,26.6518,20.9,23.936,428114680,23.55602
163,1.37438E+12,2013-07-21 00:00:00-04:00,23.978,26.136,23.912,25.878,196722490,24.90043
164,1.37498E+12,2013-07-28 00:00:00-04:00,25.864,27.65,25.636,27.6,203807065,26.77316
165,1.37559E+12,2013-08-04 00:00:00-04:00,28.002,31.776,26.472,30.6,369245965,29.49396
166,1.37619E+12,2013-08-11 00:00:00-04:00,29.886,30.1,27,28.4,263230220,28.71189
167,1.3768E+12,2013-08-18 00:00:00-04:00,28.6854,32.46,28.566,32.3678,221198215,30.48081
168,1.3774E+12,2013-08-25 00:00:00-04:00,33.03,34.6,32.05,33.8,384703480,33.32264
169,1.37801E+12,2013-09-01 00:00:00-04:00,34.68,34.74,33.03,33.394,194247895,33.82063
170,1.37861E+12,2013-09-08 00:00:00-04:00,32.624,33.579,31.702,33.108,203573080,32.68988
171,1.37922E+12,2013-09-15 00:00:00-04:00,33.6,37.166,32.6722,36.678,237645445,34.91505
172,1.37982E+12,2013-09-22 00:00:00-04:00,36.896,38.256,35.422,38.18,176361830,36.89036
173,1.38043E+12,2013-09-29 00:00:00-04:00,37.8,38.9,33.6,36.196,378509245,36.22844
174,1.38103E+12,2013-10-06 00:00:00-04:00,36.492,37.346,32.3,35.74,288771370,35.07547
175,1.38164E+12,2013-10-13 00:00:00-04:00,35,37.7578,34.83,36.68,197946580,36.7084
176,1.38224E+12,2013-10-20 00:00:00-04:00,36.656,36.678,32.03,33.932,273378350,34.03312
177,1.38285E+12,2013-10-27 00:00:00-04:00,34.036,34.1,30.6,32.434,234358860,32.18144
178,1.38345E+12,2013-11-03 00:00:00-04:00,33,36.286,26.464,27.59,557040530,30.65881
179,1.38406E+12,2013-11-10 00:00:00-05:00,28.2,29.084,26.8222,27.09,318724505,27.78777
180,1.38466E+12,2013-11-17 00:00:00-05:00,27.054,27.09,23.586,24.276,399059495,24.76679
181,1.38527E+12,2013-11-24 00:00:00-05:00,24.9,26.118,23.22,25.456,231221615,24.66201
182,1.38587E+12,2013-12-01 00:00:00-05:00,25.27,28.988,24.7862,27.472,318896070,27.60573
183,1.38587E+12,2013-12-01 00:00:00-05:00,25.27,28.988,24.7862,27.472,318896070,27.60573
184,1.38648E+12,2013-12-08 00:00:00-05:00,27.4,30.36,26.842,29.5308,241575635,28.6841
185,1.38708E+12,2013-12-15 00:00:00-05:00,29.696,30.98,27.82,28.648,244666460,29.33002
186,1.38769E+12,2013-12-22 00:00:00-05:00,28.97,31.6,28.5202,30.224,139627905,30.36277
187,1.38829E+12,2013-12-29 00:00:00-05:00,30.224,30.962,29.31,29.912,98164900,30.13299
188,1.3889E+12,2014-01-05 00:00:00-05:00,30,30.74,28.45,29.144,147076180,29.63454
189,1.3895E+12,2014-01-12 00:00:00-05:00,29.156,34.64,27.3342,34.002,379642740,31.96031
190,1.39011E+12,2014-01-19 00:00:00-05:00,34.248,36.476,34.162,34.92,161966635,35.38236
191,1.39071E+12,2014-01-26 00:00:00-05:00,35.032,37.2,32.942,36.282,179554090,35.48786
192,1.39132E+12,2014-02-02 00:00:00-05:00,36.578,37.326,33.872,37.306,167780505,35.82368
193,1.39192E+12,2014-02-09 00:00:00-05:00,37.868,40.544,37.864,39.646,216262010,39.47252
194,1.39253E+12,2014-02-16 00:00:00-05:00,41.0488,43.042,38.682,41.92,258131105,41.35599
195,1.39313E+12,2014-02-23 00:00:00-05:00,41.752,53,41.664,48.962,492199945,49.67623
196,1.39374E+12,2014-03-02 00:00:00-05:00,47.452,52,46.998,49.242,215059575,49.99598
197,1.39434E+12,2014-03-09 00:00:00-05:00,48.54,49.5,45.664,46.194,204358910,47.46681
198,1.39494E+12,2014-03-16 00:00:00-04:00,46.99,48.31,45.5,45.778,146357420,46.96678
199,1.39555E+12,2014-03-23 00:00:00-04:00,45.95,45.98,40.6,42.474,226476780,43.09057
200,1.39615E+12,2014-03-30 00:00:00-04:00,43.3,47.146,41.278,42.445,244015240,43.87637
201,1.39676E+12,2014-04-06 00:00:00-04:00,41.162,43.69,39.72,40.756,190927445,41.73595
202,1.39736E+12,2014-04-13 00:00:00-04:00,41.52,41.688,36.864,39.624,172524635,39.18732
203,1.39797E+12,2014-04-20 00:00:00-04:00,39.416,43.866,38.8,39.97,174363530,41.56547
204,1.39857E+12,2014-04-27 00:00:00-04:00,40,42.804,38.1,42.182,134044170,40.83564
205,1.39918E+12,2014-05-04 00:00:00-04:00,41.896,43.7319,35.444,36.452,247600480,38.59082
206,1.39978E+12,2014-05-11 00:00:00-04:00,36.774,38.696,35.976,38.312,150259840,37.58931
207,1.40039E+12,2014-05-18 00:00:00-04:00,38.144,41.552,38,41.46,128217390,39.95619
208,1.40099E+12,2014-05-25 00:00:00-04:00,41.704,42.96,41.052,41.554,100618650,42.0622
209,1.4016E+12,2014-06-01 00:00:00-04:00,41.466,42.162,40.0792,41.6342,95495920,41.1344
210,1.4022E+12,2014-06-08 00:00:00-04:00,41.59,41.998,39.8502,41.284,99292130,40.94035
211,1.4028E+12,2014-06-15 00:00:00-04:00,41.352,47.108,41.252,45.918,236040980,45.37348
212,1.40341E+12,2014-06-22 00:00:00-04:00,45.902,48.376,45.644,47.812,162231570,47.30244
213,1.40401E+12,2014-06-29 00:00:00-04:00,47.91,48.898,44.8,45.85,111883160,47.06611
214,1.40462E+12,2014-07-06 00:00:00-04:00,45.5,45.956,42.854,43.626,130186545,44.06635
215,1.40522E+12,2014-07-13 00:00:00-04:00,43.998,45.758,42.72,44.004,129516375,44.17177
216,1.40583E+12,2014-07-20 00:00:00-04:00,43.45,45.394,43.344,44.714,79926300,44.48663
217,1.40643E+12,2014-07-27 00:00:00-04:00,44.85,47.5,44.208,46.654,172398810,45.68397
218,1.40704E+12,2014-08-03 00:00:00-04:00,46.876,51.3376,46.654,49.626,165907195,49.14633
219,1.40764E+12,2014-08-10 00:00:00-04:00,51.096,53.128,50.916,52.402,147060970,52.08217
220,1.40825E+12,2014-08-17 00:00:00-04:00,52.65,53.452,50.324,51.356,99860650,51.56046
221,1.40885E+12,2014-08-24 00:00:00-04:00,51.638,54.4,51.638,53.94,102199260,52.99372
222,1.40946E+12,2014-08-31 00:00:00-04:00,55.1,58.284,54.502,55.478,180739690,56.22644
223,1.41006E+12,2014-09-07 00:00:00-04:00,55.524,57.098,54.732,55.84,104779360,56.2069
224,1.41067E+12,2014-09-14 00:00:00-04:00,54.874,54.88,49.826,51.864,202291375,51.89056
225,1.41127E+12,2014-09-21 00:00:00-04:00,51,51.204,48.942,49.32,131323695,49.84802
226,1.41188E+12,2014-09-28 00:00:00-04:00,48.8,51.3,47.13,51.042,147299950,49.29059
227,1.41248E+12,2014-10-05 00:00:00-04:00,51.826,53.108,47.04,47.382,187662350,50.61864
228,1.41309E+12,2014-10-12 00:00:00-04:00,47.714,47.7926,43.464,45.496,193145035,45.3337
229,1.41369E+12,2014-10-19 00:00:00-04:00,45.344,47.56,45.102,47.048,93601185,46.63636
230,1.4143E+12,2014-10-26 00:00:00-04:00,46.85,48.92,44.062,48.34,160199540,46.86994
231,1.4149E+12,2014-11-02 00:00:00-04:00,48.6,49.512,45.7,48.04,187235380,47.89404
232,1.41551E+12,2014-11-09 00:00:00-05:00,47.822,51.77,47.36,51.736,153688685,49.91425
233,1.41611E+12,2014-11-16 00:00:00-05:00,51.498,51.998,48.434,48.556,137453770,50.02755
234,1.41672E+12,2014-11-23 00:00:00-05:00,49.04,49.944,48.128,48.904,60255010,49.18087
235,1.41732E+12,2014-11-30 00:00:00-05:00,48.232,48.494,44.452,44.742,148714665,45.91602
236,1.41732E+12,2014-11-30 00:00:00-05:00,48.232,48.494,44.452,44.742,148714665,45.91602
237,1.41793E+12,2014-12-07 00:00:00-05:00,44.308,44.972,40.854,41.4,199197020,42.4035
238,1.41853E+12,2014-12-14 00:00:00-05:00,41.858,44.08,38.53,43.858,176996920,41.49621
239,1.41914E+12,2014-12-21 00:00:00-05:00,44,45.7,43.652,45.564,69903810,44.5437
240,1.41974E+12,2014-12-28 00:00:00-05:00,45.38,45.582,42.652,43.862,64408050,44.34088
241,1.42035E+12,2015-01-04 00:00:00-05:00,42.91,43.3,40.842,41.332,113298035,41.946
242,1.42095E+12,2015-01-11 00:00:00-05:00,40.61,41.522,37,38.614,153995685,38.98081
243,1.42156E+12,2015-01-18 00:00:00-05:00,38.774,40.7,37.408,40.258,81038290,39.28808
244,1.42216E+12,2015-01-25 00:00:00-05:00,40.366,41.724,39.3,40.72,78601085,40.79924
245,1.42277E+12,2015-02-01 00:00:00-05:00,40.794,45.096,40.66,43.472,95238425,43.37746
246,1.42337E+12,2015-02-08 00:00:00-05:00,43.076,44.1,38.656,40.754,201744925,41.25998
247,1.42398E+12,2015-02-15 00:00:00-05:00,41.14,43.52,40.3,43.422,89147410,41.91439
248,1.42458E+12,2015-02-22 00:00:00-05:00,43.132,43.64,40.34,40.668,146838920,41.3797
249,1.42519E+12,2015-03-01 00:00:00-05:00,40.54,41.238,38.4302,38.776,140829045,39.74366
250,1.42579E+12,2015-03-08 00:00:00-05:00,38.878,39.236,37.464,37.736,134374390,38.19644
251,1.42639E+12,2015-03-15 00:00:00-04:00,38.4,40.918,37.96,39.616,140369410,39.3618
252,1.427E+12,2015-03-22 00:00:00-04:00,39.7,40.758,36.28,37,123723890,38.47482
253,1.4276E+12,2015-03-29 00:00:00-04:00,37.17,38.752,36.36,38.2,119491680,37.87419
254,1.42821E+12,2015-04-05 00:00:00-04:00,39.6,42.33,39.5,42.18,154873465,41.1991
255,1.42881E+12,2015-04-12 00:00:00-04:00,42.087,42.6,40.7,41.358,64327780,41.58784
256,1.42942E+12,2015-04-19 00:00:00-04:00,41.356,44.376,40.77,43.685,103469280,43.10253
257,1.43002E+12,2015-04-26 00:00:00-04:00,44.512,47.75,44.081,45.206,154425680,46.09215
258,1.43063E+12,2015-05-03 00:00:00-04:00,45.636,47.9,44.05,47.322,148132660,46.46943
259,1.43123E+12,2015-05-10 00:00:00-04:00,47.258,49.88,47.062,49.768,124496775,48.77246
260,1.43184E+12,2015-05-17 00:00:00-04:00,49.4,50.2,48.2744,49.546,74883720,49.30618
261,1.43244E+12,2015-05-24 00:00:00-04:00,49.536,50.5735,49.01,50.16,71717240,49.83368
262,1.43304E+12,2015-05-31 00:00:00-04:00,50.282,50.32,49.136,49.828,59413660,49.67104
263,1.43365E+12,2015-06-07 00:00:00-04:00,50.17,51.75,49.7,50.138,72744945,50.75733
264,1.43425E+12,2015-06-14 00:00:00-04:00,49.94,52.872,49.202,52.502,74647445,51.58873
265,1.43486E+12,2015-06-21 00:00:00-04:00,52.43,54.282,51.138,53.418,87652140,52.95634
266,1.43546E+12,2015-06-28 00:00:00-04:00,52.39,56.49,52.14,56.004,79146490,54.25489
267,1.43607E+12,2015-07-05 00:00:00-04:00,55.776,56.338,50.862,51.83,111964955,52.94996
268,1.43667E+12,2015-07-12 00:00:00-04:00,52.45,55.108,51.21,54.932,67490705,53.3348
269,1.43728E+12,2015-07-19 00:00:00-04:00,55,57.33,52.172,53.082,96279185,54.29005
270,1.43788E+12,2015-07-26 00:00:00-04:00,52.486,53.872,50.158,53.23,78186035,52.30975
271,1.43849E+12,2015-08-02 00:00:00-04:00,53.258,54.2,47.224,48.502,154087335,50.1788
272,1.43909E+12,2015-08-09 00:00:00-04:00,47.63,49.586,46.548,48.63,106219740,48.01606
273,1.4397E+12,2015-08-16 00:00:00-04:00,51.112,52.19,46.102,46.154,132359990,49.80707
274,1.4403E+12,2015-08-23 00:00:00-04:00,40.558,50.29,39,49.696,160027765,46.04322
275,1.44091E+12,2015-08-30 00:00:00-04:00,49.124,50.99,47.394,48.386,113340480,49.02946
276,1.44151E+12,2015-09-06 00:00:00-04:00,49.01,50.85,48.81,50.048,57944310,49.72717
277,1.44212E+12,2015-09-13 00:00:00-04:00,50.22,53.1,49.9,52.124,87848870,51.59948
278,1.44272E+12,2015-09-20 00:00:00-04:00,52.796,54.314,51.16,51.382,98034345,52.3025
279,1.44333E+12,2015-09-27 00:00:00-04:00,51.47,51.958,46.986,49.514,112653695,49.30173
280,1.44393E+12,2015-10-04 00:00:00-04:00,49.768,49.968,43.672,44.138,140156535,46.33295
281,1.44454E+12,2015-10-11 00:00:00-04:00,44.598,46.0961,42.226,45.402,96455050,44.1116
282,1.44514E+12,2015-10-18 00:00:00-04:00,45.3,46.23,40.4,41.818,143260170,42.57015
283,1.44575E+12,2015-10-25 00:00:00-04:00,42.276,43.42,40.778,41.386,79406545,42.18215
284,1.44635E+12,2015-11-01 00:00:00-04:00,41.784,46.9169,41.444,46.472,159615160,44.85195
285,1.44696E+12,2015-11-08 00:00:00-05:00,46.598,46.598,41.304,41.438,90809500,43.54376
286,1.44756E+12,2015-11-15 00:00:00-05:00,41.218,45.238,41.16,44.002,73955355,43.52993
287,1.44817E+12,2015-11-22 00:00:00-05:00,43.47,46.45,42.936,46.322,54733120,44.702
288,1.44877E+12,2015-11-29 00:00:00-05:00,46.358,47.72,45.532,46.076,74442015,46.64128
289,1.44877E+12,2015-11-29 00:00:00-05:00,46.358,47.72,45.532,46.076,74442015,46.64128
290,1.44938E+12,2015-12-06 00:00:00-05:00,45.54,47.126,43.328,43.404,71150150,45.17016
291,1.44998E+12,2015-12-13 00:00:00-05:00,43.502,47.552,42.974,46.092,82465365,45.5363
292,1.45059E+12,2015-12-20 00:00:00-05:00,46.338,47.31,45.626,46.114,30899615,46.39393
293,1.45119E+12,2015-12-27 00:00:00-05:00,46.298,48.7268,45.108,48.002,53592765,47.42128
294,1.4518E+12,2016-01-03 00:00:00-05:00,46.144,46.276,42.154,42.2,104876675,43.9283
295,1.4524E+12,2016-01-10 00:00:00-05:00,42.802,42.89,38.676,40.998,116895680,40.81458
296,1.45301E+12,2016-01-17 00:00:00-05:00,41.742,42.094,38.25,40.51,80837315,40.08713
297,1.45361E+12,2016-01-24 00:00:00-05:00,40.012,40.714,36.482,38.24,93625415,38.21906
298,1.45422E+12,2016-01-31 00:00:00-05:00,37.752,39.904,31.5488,32.52,164127975,35.16928
299,1.45482E+12,2016-02-07 00:00:00-05:00,31.421,32.652,28.21,30.208,249219805,30.24574
300,1.45543E+12,2016-02-14 00:00:00-05:00,31.74,34.59,30.822,33.316,91329585,32.64149
301,1.45603E+12,2016-02-21 00:00:00-05:00,34.024,38.4,33.568,38.068,141279460,36.04074
302,1.45664E+12,2016-02-28 00:00:00-05:00,38.48,40.806,36.3,40.208,136958140,38.48373
303,1.45724E+12,2016-03-06 00:00:00-05:00,39.536,42.658,39.48,41.5,106299595,41.15851
304,1.45785E+12,2016-03-13 00:00:00-05:00,42.53,46.896,42.128,46.548,96287725,44.38727
305,1.45845E+12,2016-03-20 00:00:00-04:00,47.068,47.976,43,45.55,97667255,46.26092
306,1.45905E+12,2016-03-27 00:00:00-04:00,46.322,49.58,45,47.518,179916890,46.85791
307,1.45966E+12,2016-04-03 00:00:00-04:00,49.824,53.868,48,50.014,256748055,50.8908
308,1.46026E+12,2016-04-10 00:00:00-04:00,50.2,51.798,48.726,50.902,138675235,50.33888
309,1.46087E+12,2016-04-17 00:00:00-04:00,50.446,51.662,48.2502,50.75,111961625,49.98563
310,1.46147E+12,2016-04-24 00:00:00-04:00,50.602,51.476,47.562,48.152,90153860,49.84961
311,1.46208E+12,2016-05-01 00:00:00-04:00,48.3,48.638,41.622,42.986,168862275,44.62111
312,1.46268E+12,2016-05-08 00:00:00-04:00,43.144,43.23,40.7314,41.522,102410595,41.84493
313,1.46328E+12,2016-05-15 00:00:00-04:00,41.63,44.11,40.804,44.056,136394545,42.63769
314,1.46389E+12,2016-05-22 00:00:00-04:00,43.974,45.186,43.036,44.608,94858165,44.05686
315,1.46449E+12,2016-05-29 00:00:00-04:00,44.608,44.9499,43.378,43.798,50167495,44.01201
316,1.4651E+12,2016-06-05 00:00:00-04:00,43.6,48.169,43.09,43.758,124768770,45.80942
317,1.4657E+12,2016-06-12 00:00:00-04:00,43.9,45.154,42.506,43.094,81156450,43.64515
318,1.46631E+12,2016-06-19 00:00:00-04:00,43.9,44.75,37.946,38.63,244902245,40.03883
319,1.46691E+12,2016-06-26 00:00:00-04:00,38.172,43.648,37.574,43.3,147798450,40.91
320,1.46752E+12,2016-07-03 00:00:00-04:00,41.946,43.962,41.6,43.356,88701035,42.73336
321,1.46812E+12,2016-07-10 00:00:00-04:00,43.992,45.5,43.902,44.08,92350655,44.68221
322,1.46873E+12,2016-07-17 00:00:00-04:00,43.928,45.96,43.66,44.454,80519805,44.90685
323,1.46933E+12,2016-07-24 00:00:00-04:00,44.454,47.056,44.2743,46.958,81223020,45.9324
324,1.46994E+12,2016-07-31 00:00:00-04:00,47.1,47.326,44.28,46.006,95953435,45.65406
325,1.47054E+12,2016-08-07 00:00:00-04:00,45.6,46.3075,44.682,45.122,52520720,45.36797
326,1.47115E+12,2016-08-14 00:00:00-04:00,45.204,45.9,44.458,45,47035495,44.9499
327,1.47175E+12,2016-08-21 00:00:00-04:00,44.834,45.698,43.764,43.998,67110350,44.7651
328,1.47236E+12,2016-08-28 00:00:00-04:00,44.03,44.08,39.24,39.556,118160910,41.26679
329,1.47296E+12,2016-09-04 00:00:00-04:00,39.804,41.2994,38.74,38.894,75832165,39.9618
330,1.47357E+12,2016-09-11 00:00:00-04:00,39,41.14,38.69,41.08,78783470,39.73022
331,1.47417E+12,2016-09-18 00:00:00-04:00,41.4,42.036,40.312,41.49,62908100,41.21727
332,1.47478E+12,2016-09-25 00:00:00-04:00,41.3,42.2,39.91,40.806,65846070,41.13003
333,1.47538E+12,2016-10-02 00:00:00-04:00,42.46,43.1338,39.16,39.322,98076635,41.38131
334,1.47599E+12,2016-10-09 00:00:00-04:00,40.27,40.828,39.26,39.302,71853230,39.9929
335,1.47659E+12,2016-10-16 00:00:00-04:00,39.41,41.332,38.4,40.018,126159900,39.76547
336,1.4772E+12,2016-10-23 00:00:00-04:00,40.2,42.74,39.966,39.994,140801510,41.15681
337,1.4778E+12,2016-10-30 00:00:00-04:00,40.498,40.498,37.192,38.112,118616285,38.41226
338,1.4784E+12,2016-11-06 00:00:00-04:00,38.718,39.498,36.084,37.712,130248010,37.69034
339,1.47901E+12,2016-11-13 00:00:00-05:00,37.6,38.6,35.638,37.004,119930370,36.94432
340,1.47962E+12,2016-11-20 00:00:00-05:00,37.008,39.4474,36.742,39.33,86109725,38.0771
341,1.48022E+12,2016-11-27 00:00:00-05:00,39.096,39.87,36,36.294,108421335,37.78798
342,1.48022E+12,2016-11-27 00:00:00-05:00,39.096,39.87,36,36.294,108421335,37.78798
343,1.48083E+12,2016-12-04 00:00:00-05:00,36.502,38.7672,36.502,38.436,94149325,37.78342
344,1.48143E+12,2016-12-11 00:00:00-05:00,38.56,40.6,38.208,40.498,102150715,39.77006
345,1.48204E+12,2016-12-18 00:00:00-05:00,40.498,42.69,39.968,42.668,105831680,41.66838
346,1.48264E+12,2016-12-25 00:00:00-05:00,42.976,44.76,42.336,42.738,91928880,43.43924
347,1.48325E+12,2017-01-01 00:00:00-05:00,42.972,46.062,42.192,45.802,142870565,44.69347
348,1.48385E+12,2017-01-08 00:00:00-05:00,45.794,47.57,45.116,47.55,105867265,46.15725
349,1.48446E+12,2017-01-15 00:00:00-05:00,47.34,49.736,46.874,48.946,101615335,48.32387
350,1.48506E+12,2017-01-22 00:00:00-05:00,49.17,51.692,49.1,50.59,113466045,50.38027
351,1.48567E+12,2017-01-29 00:00:00-05:00,50.506,51.178,49.42,50.266,82812525,50.22362
352,1.48627E+12,2017-02-05 00:00:00-05:00,50.2,54.236,50.126,53.846,115901335,52.69274
353,1.48688E+12,2017-02-12 00:00:00-05:00,54.148,57.478,52.83,54.446,163285780,55.3406
354,1.48748E+12,2017-02-19 00:00:00-05:00,55.09,56.69,50.04,51.4,187592985,53.06861
355,1.48809E+12,2017-02-26 00:00:00-05:00,49.634,50.97,48.402,50.314,143098050,49.63701
356,1.48869E+12,2017-03-05 00:00:00-05:00,49.582,50.778,48.6,48.738,87408420,49.54065
357,1.48929E+12,2017-03-12 00:00:00-05:00,48.964,53.15,48.5562,52.3,147904080,51.54606
358,1.4899E+12,2017-03-19 00:00:00-04:00,52.12,52.96,50.048,52.632,117748215,51.46718
359,1.4905E+12,2017-03-26 00:00:00-04:00,52.12,56.4,51.95,55.66,126688110,55.07367
360,1.49111E+12,2017-04-02 00:00:00-04:00,57.38,60.976,56.916,60.508,210021565,59.55254
361,1.49171E+12,2017-04-09 00:00:00-04:00,61.83,62.746,59.06,60.8,143621755,61.1425
362,1.49232E+12,2017-04-16 00:00:00-04:00,60.54,61.83,59.58,61.12,108657830,60.64294
363,1.49292E+12,2017-04-23 00:00:00-04:00,61.844,62.96,61.172,62.814,122451520,62.08645
364,1.49352E+12,2017-04-30 00:00:00-04:00,62.976,65.532,58.152,61.67,218375310,61.81095
365,1.49413E+12,2017-05-07 00:00:00-04:00,62.18,65.4,61.164,64.962,156500230,63.74311
366,1.49473E+12,2017-05-14 00:00:00-04:00,63.676,64.04,61.062,62.166,144139005,62.6279
367,1.49534E+12,2017-05-21 00:00:00-04:00,62.56,65.098,60.696,65.028,132525680,62.65307
368,1.49594E+12,2017-05-28 00:00:00-04:00,65.2,68.976,65.152,67.97,154722975,67.60798
369,1.49655E+12,2017-06-04 00:00:00-04:00,67.7,75.374,66.842,71.464,267960280,71.79101
370,1.49715E+12,2017-06-11 00:00:00-04:00,71.598,76.85,70.124,74.28,261507255,74.1494
371,1.49776E+12,2017-06-18 00:00:00-04:00,75,77.398,73.56,76.69,164402045,75.39976
372,1.49836E+12,2017-06-25 00:00:00-04:00,77.338,77.39,70.82,72.322,169612600,73.63684
373,1.49897E+12,2017-07-02 00:00:00-04:00,74.048,74.27,61.26,62.644,284267560,65.00366
374,1.49957E+12,2017-07-09 00:00:00-04:00,62.58,66.62,60.626,65.556,249730475,64.36116
375,1.50018E+12,2017-07-16 00:00:00-04:00,65.108,66.33,62.69,65.68,163377200,64.8961
376,1.50078E+12,2017-07-23 00:00:00-04:00,66.048,69.5,65.258,67.014,168149440,67.8205
377,1.50139E+12,2017-07-30 00:00:00-04:00,67.1,71.454,62.244,71.382,263479210,67.09469
378,1.50199E+12,2017-08-06 00:00:00-04:00,71.47,74,70.55,71.574,160625270,72.28929
379,1.5026E+12,2017-08-13 00:00:00-04:00,72.926,73.532,69.16,69.492,107112325,71.68163
380,1.5032E+12,2017-08-20 00:00:00-04:00,69.164,71.332,66.37,69.61,119202685,68.98277
381,1.50381E+12,2017-08-27 00:00:00-04:00,69.456,71.688,67.75,71.08,91864575,69.9755
382,1.50441E+12,2017-09-03 00:00:00-04:00,70.76,71.098,68.312,68.68,77212270,69.56007
383,1.50502E+12,2017-09-10 00:00:00-04:00,70.27,76,70,75.962,152191065,73.45309
384,1.50562E+12,2017-09-17 00:00:00-04:00,76.05,77.922,70.176,70.218,156682630,74.44064
385,1.50623E+12,2017-09-24 00:00:00-04:00,70.63,71.4938,67.08,68.22,156246245,68.89848
386,1.50683E+12,2017-10-01 00:00:00-04:00,68.504,72.0198,66.256,71.376,160311560,69.58626
387,1.50744E+12,2017-10-08 00:00:00-04:00,69.93,71.956,68.534,71.114,132873430,70.43709
388,1.50804E+12,2017-10-15 00:00:00-04:00,70.752,72.6,68.868,69.02,118000715,70.52398
389,1.50864E+12,2017-10-22 00:00:00-04:00,69.976,69.99,63.332,64.174,154126475,66.18812
390,1.50925E+12,2017-10-29 00:00:00-04:00,63.836,66.5218,58.526,61.218,235347255,61.76759
391,1.50985E+12,2017-11-05 00:00:00-04:00,61.4,61.672,59.26,60.598,132725650,60.4938
392,1.51046E+12,2017-11-12 00:00:00-05:00,60.026,65.334,59.822,63.01,193984485,62.70702
393,1.51107E+12,2017-11-19 00:00:00-05:00,62.758,63.646,60.95,63.11,118353120,62.43582
394,1.51167E+12,2017-11-26 00:00:00-05:00,62.65,64,60.246,61.306,134586190,62.15848
395,1.51167E+12,2017-11-26 00:00:00-05:00,62.65,64,60.246,61.306,134586190,62.15848
396,1.51228E+12,2017-12-03 00:00:00-05:00,61.3,63.7268,60,63.026,129597780,61.74197
397,1.51288E+12,2017-12-10 00:00:00-05:00,62.926,69.488,62.75,68.69,177971280,67.31298
398,1.51349E+12,2017-12-17 00:00:00-05:00,68.98,69.346,64.964,65.04,134279830,66.62008
399,1.51409E+12,2017-12-24 00:00:00-05:00,64.766,64.788,61.908,62.27,85920130,62.90927
400,1.5147E+12,2017-12-31 00:00:00-05:00,62.4,65.05,61.136,63.316,117056260,63.08759
401,1.5153E+12,2018-01-07 00:00:00-05:00,63.2,68.962,63.1,67.244,163932675,66.9544
402,1.51591E+12,2018-01-14 00:00:00-05:00,67.508,70.46,66.96,70.004,120759520,69.03008
403,1.51651E+12,2018-01-21 00:00:00-05:00,69.88,72.1,67.142,68.57,141214555,69.59556
404,1.51712E+12,2018-01-28 00:00:00-05:00,67.97,71.932,67.656,68.75,117782205,69.76657
405,1.51772E+12,2018-02-04 00:00:00-05:00,67.594,69.724,58.952,62.084,198598590,65.06117
406,1.51833E+12,2018-02-11 00:00:00-05:00,63.226,68.624,61.25,67.098,131471750,64.92415
407,1.51893E+12,2018-02-18 00:00:00-05:00,66.894,70.998,66.3,70.41,100081395,68.75903
408,1.51953E+12,2018-02-25 00:00:00-05:00,70.7,71.998,64.594,67.024,135877960,68.77687
409,1.52014E+12,2018-03-04 00:00:00-05:00,66.478,67.55,64.348,65.434,110949090,65.76795
410,1.52074E+12,2018-03-11 00:00:00-05:00,65.722,69.442,63.814,64.27,174396450,66.51866
411,1.52135E+12,2018-03-18 00:00:00-04:00,63.3,64.488,60.09,60.308,148944590,62.3736
412,1.52195E+12,2018-03-25 00:00:00-04:00,61.468,61.518,49.642,53.226,292044165,54.47124
413,1.52256E+12,2018-04-01 00:00:00-04:00,51.252,61.856,48.918,59.86,437367550,55.49804
414,1.52316E+12,2018-04-08 00:00:00-04:00,60.074,61.9,57.842,60.068,218415005,60.1702
415,1.52376E+12,2018-04-15 00:00:00-04:00,59.8,60.202,56.502,58.048,158073690,58.55365
416,1.52437E+12,2018-04-22 00:00:00-04:00,58.258,58.894,55.3,58.815,116564495,56.86199
417,1.52497E+12,2018-04-29 00:00:00-04:00,58.722,61.37,55.046,58.818,218568645,57.96724
418,1.52558E+12,2018-05-06 00:00:00-04:00,59.5,62.598,59.034,60.212,153333995,60.70006
419,1.52618E+12,2018-05-13 00:00:00-04:00,60.664,60.988,54.8,55.364,170762475,57.18637
420,1.52679E+12,2018-05-20 00:00:00-04:00,56.266,58.298,54.6844,55.77,160818570,55.95045
421,1.52739E+12,2018-05-27 00:00:00-04:00,55.702,59.001,55.23,58.364,122502165,57.37944
422,1.528E+12,2018-06-03 00:00:00-04:00,58.868,66,57.348,63.532,260553545,62.38288
423,1.5286E+12,2018-06-10 00:00:00-04:00,64.502,72.934,64.5,71.634,334100285,69.18039
424,1.52921E+12,2018-06-17 00:00:00-04:00,71.08,74.746,66.4,66.726,257190445,70.90854
425,1.52981E+12,2018-06-24 00:00:00-04:00,66.024,71.404,65.1598,68.59,188039595,68.61054
426,1.53042E+12,2018-07-01 00:00:00-04:00,72.014,72.956,59.244,61.78,286921140,64.38108
427,1.53102E+12,2018-07-08 00:00:00-04:00,62.398,65.5354,61.6,63.774,167746315,63.53384
428,1.53163E+12,2018-07-15 00:00:00-04:00,62.342,65.1,61.25,62.716,157604950,63.24093
429,1.53223E+12,2018-07-22 00:00:00-04:00,60.368,62.14,58.509,59.436,190031045,60.18127
430,1.53284E+12,2018-07-29 00:00:00-04:00,59.18,71,57.226,69.634,294401580,64.97543
431,1.53344E+12,2018-08-05 00:00:00-04:00,69.092,77.492,67.83,71.098,463665785,72.49782
432,1.53405E+12,2018-08-12 00:00:00-04:00,72.226,72.638,60.706,61.1,257671055,66.76979
433,1.53465E+12,2018-08-19 00:00:00-04:00,58.3407,65.464,57.64,64.564,226338850,62.41666
434,1.53526E+12,2018-08-26 00:00:00-04:00,63.6,64.487,59.544,60.332,203790655,61.84783
435,1.53586E+12,2018-09-02 00:00:00-04:00,59.388,59.638,50.451,52.648,230120405,54.84616
436,1.53647E+12,2018-09-09 00:00:00-04:00,54.652,59.4651,54.2,59.04,232860710,56.72791
437,1.53707E+12,2018-09-16 00:00:00-04:00,58.008,61.196,55.1,59.82,220649580,58.48963
438,1.53768E+12,2018-09-23 00:00:00-04:00,59.696,62.992,52.111,52.954,296633420,56.54621
439,1.53828E+12,2018-09-30 00:00:00-04:00,61.154,63.368,52,52.39,346359475,58.34094
440,1.53888E+12,2018-10-07 00:00:00-04:00,52.904,53.552,49.554,51.756,268566360,51.32473
441,1.53949E+12,2018-10-14 00:00:00-04:00,51.812,56.54,50.7,52,195893205,53.23011
442,1.54009E+12,2018-10-21 00:00:00-04:00,52.136,67.98,50.518,66.18,464375025,60.70887
443,1.5407E+12,2018-10-28 00:00:00-04:00,67.494,69.84,64.452,69.282,235183910,67.75582
444,1.5413E+12,2018-11-04 00:00:00-04:00,68.1,71.5151,66.028,70.102,170748895,69.2331
445,1.54191E+12,2018-11-11 00:00:00-05:00,69.674,71.14,66.068,70.862,146311585,68.76736
446,1.54252E+12,2018-11-18 00:00:00-05:00,71.268,73.35,65.11,65.166,132865150,69.38665
447,1.54312E+12,2018-11-25 00:00:00-05:00,65,70.32,65,70.096,135927690,68.57658
448,1.54312E+12,2018-11-25 00:00:00-05:00,65,70.32,65,70.096,135927690,68.57658
449,1.54373E+12,2018-12-02 00:00:00-05:00,72,75.898,70.152,71.593,180610705,72.69156
450,1.54433E+12,2018-12-09 00:00:00-05:00,72,75.574,70.624,73.142,158263405,73.61307
451,1.54494E+12,2018-12-16 00:00:00-05:00,72.4,73.14,62.3738,63.954,200684235,66.86655
452,1.54554E+12,2018-12-23 00:00:00-05:00,62.7,67.248,58.818,66.774,160555880,62.78009
453,1.54615E+12,2018-12-30 00:00:00-05:00,67.558,67.842,59.476,63.538,161601430,62.38075
454,1.54675E+12,2019-01-06 00:00:00-05:00,64.344,69.682,63.5502,69.452,155440460,67.44986
455,1.54736E+12,2019-01-13 00:00:00-05:00,68.476,70.4,59.946,60.452,218565545,65.24287
456,1.54796E+12,2019-01-20 00:00:00-05:00,60.964,61.6,55.8566,59.408,198543835,58.54118
457,1.54857E+12,2019-01-27 00:00:00-05:00,58.582,63.22,57.55,62.442,210739875,60.56053
458,1.54917E+12,2019-02-03 00:00:00-05:00,62.596,64.848,59.7,61.16,157491080,62.41655
459,1.54977E+12,2019-02-10 00:00:00-05:00,62.32,63.72,60.2,61.576,134405895,62.02992
460,1.55038E+12,2019-02-17 00:00:00-05:00,61.312,62.3088,58.1,58.942,129726500,59.87897
461,1.55098E+12,2019-02-24 00:00:00-05:00,59.582,64,57.754,58.958,299124965,60.61511
462,1.55159E+12,2019-03-03 00:00:00-05:00,59.624,59.8,54.02,56.828,322295755,56.13177
463,1.55219E+12,2019-03-10 00:00:00-05:00,56.704,59.078,54.88,55.086,218062810,56.82539
464,1.5528E+12,2019-03-17 00:00:00-04:00,55.2,55.61,52.692,52.906,218400205,53.92321
465,1.5534E+12,2019-03-24 00:00:00-04:00,51.942,56.066,50.892,55.972,195552870,53.95765
466,1.554E+12,2019-03-31 00:00:00-04:00,56.524,59.234,52.118,54.992,290646145,55.23062
467,1.55461E+12,2019-04-07 00:00:00-04:00,55.538,56.232,53.12,53.54,199788220,54.42416
468,1.55521E+12,2019-04-14 00:00:00-04:00,53.726,55,51.726,54.652,141571510,53.77895
469,1.55582E+12,2019-04-21 00:00:00-04:00,53.8,53.936,46.226,47.028,389975530,50.42727
470,1.55642E+12,2019-04-28 00:00:00-04:00,47.172,51.322,46.3,51.006,393747840,48.70274
471,1.55703E+12,2019-05-05 00:00:00-04:00,50.004,51.67,47.204,47.904,204297045,49.40662
472,1.55763E+12,2019-05-12 00:00:00-04:00,46.402,46.9,41.784,42.206,253265615,44.9321
473,1.55824E+12,2019-05-19 00:00:00-04:00,40.56,41.48,37.244,38.126,489338975,39.48907
474,1.55884E+12,2019-05-26 00:00:00-04:00,38.24,39,36.82,37.032,203073730,37.71713
475,1.55945E+12,2019-06-02 00:00:00-04:00,37.102,42.2,35.3984,40.9,383141830,39.39997
476,1.56005E+12,2019-06-09 00:00:00-04:00,42.05,44.676,41.5021,42.984,263875910,42.88107
477,1.56066E+12,2019-06-16 00:00:00-04:00,43.096,46.948,42.854,44.372,256725330,44.7721
478,1.56126E+12,2019-06-23 00:00:00-04:00,44.648,45.446,43.47,44.692,168080720,44.43291
479,1.56187E+12,2019-06-30 00:00:00-04:00,46.042,48.314,44.444,46.62,193819385,46.56143
480,1.56247E+12,2019-07-07 00:00:00-04:00,46.248,49.076,45.456,49.016,189653320,47.27102
481,1.56308E+12,2019-07-14 00:00:00-04:00,49.6,51.992,48.972,51.636,202990910,50.6356
482,1.56368E+12,2019-07-21 00:00:00-04:00,51.75,53.214,44.45,45.608,276940890,47.99554
483,1.56429E+12,2019-07-28 00:00:00-04:00,45.418,49.336,45.2065,46.868,204782750,47.43413
484,1.56489E+12,2019-08-04 00:00:00-04:00,45.92,47.96,45.15,47.002,132707860,46.29072
485,1.5655E+12,2019-08-11 00:00:00-04:00,46.598,47.2,42.31,43.988,162674270,44.69301
486,1.5661E+12,2019-08-18 00:00:00-04:00,44.842,45.818,42.2,42.28,161739435,44.23891
487,1.56671E+12,2019-08-25 00:00:00-04:00,42.72,46.488,42.308,45.122,141123225,44.06148
488,1.56731E+12,2019-09-01 00:00:00-04:00,44.816,45.96,43.841,45.49,113594680,45.13412
489,1.56792E+12,2019-09-08 00:00:00-04:00,46,50.7,45.788,49.04,166495325,48.37745
490,1.56852E+12,2019-09-15 00:00:00-04:00,49.2,49.6337,47.632,48.124,121462535,48.7969
491,1.56912E+12,2019-09-22 00:00:00-04:00,48,49.742,43.672,48.426,249819960,46.80799
492,1.56973E+12,2019-09-29 00:00:00-04:00,48.6,49.19,44.856,46.286,207789710,46.99545
493,1.57033E+12,2019-10-06 00:00:00-04:00,45.96,50.216,45.71,49.578,192629520,48.54345
494,1.57094E+12,2019-10-13 00:00:00-04:00,49.58,52.956,49.426,51.39,169625905,51.60265
495,1.57154E+12,2019-10-20 00:00:00-04:00,51.666,66,50.036,65.626,403826000,59.38258
496,1.57215E+12,2019-10-27 00:00:00-04:00,65.508,68.168,61.96,62.662,263236240,64.21577
497,1.57275E+12,2019-11-03 00:00:00-04:00,62.96,68.3,61.852,67.428,220814790,65.43012
498,1.57336E+12,2019-11-10 00:00:00-05:00,68.79,71.266,68.4,70.434,185509505,69.73021
499,1.57397E+12,2019-11-17 00:00:00-05:00,70.5833,72.24,66,66.608,209296015,69.29619
500,1.57457E+12,2019-11-24 00:00:00-05:00,68.864,68.914,65.42,65.988,141624210,66.85934
501,1.57457E+12,2019-11-24 00:00:00-05:00,68.864,68.914,65.42,65.988,141624210,66.85934
502,1.57518E+12,2019-12-01 00:00:00-05:00,65.88,67.772,65.45,67.178,147915650,66.96154
503,1.57578E+12,2019-12-08 00:00:00-05:00,67.318,73.042,67.016,71.678,195733110,70.29152
504,1.57639E+12,2019-12-15 00:00:00-05:00,72.51,82.6,72.5,81.118,368731395,78.34849
505,1.57699E+12,2019-12-22 00:00:00-05:00,82.356,87.062,82,86.076,209653035,84.93226
506,1.5776E+12,2019-12-29 00:00:00-05:00,85.758,90.8,80.416,88.602,251225210,85.77129
507,1.5782E+12,2020-01-05 00:00:00-05:00,88.094,99.76,88,95.63,505009240,95.3794
508,1.57881E+12,2020-01-12 00:00:00-05:00,98.7,109.482,98.4,102.1,542073655,103.9366
509,1.57941E+12,2020-01-19 00:00:00-05:00,106.05,118.9,105.682,112.964,415730705,113.06761
510,1.58001E+12,2020-01-26 00:00:00-05:00,108.398,130.6,107.856,130.114,441487735,121.46435
511,1.58062E+12,2020-02-02 00:00:00-05:00,134.738,193.798,134.704,149.614,1067575815,158.81001
512,1.58122E+12,2020-02-09 00:00:00-05:00,160,163.998,147,160.006,451510975,156.88379
513,1.58183E+12,2020-02-16 00:00:00-05:00,168.32,188.956,166.472,180.2,370438705,178.6028
514,1.58243E+12,2020-02-23 00:00:00-05:00,167.8,172.7,122.304,133.598,477389075,148.65986
515,1.58304E+12,2020-03-01 00:00:00-05:00,142.252,161.396,136.854,140.696,422410185,147.0035
516,1.58364E+12,2020-03-08 00:00:00-05:00,121.078,133.6,100.4,109.324,437943380,118.89055
517,1.58424E+12,2020-03-15 00:00:00-04:00,93.8999,98.974,70.102,85.506,633452840,84.94207
518,1.58485E+12,2020-03-22 00:00:00-04:00,86.72,112,82.1,102.872,461859770,100.58475
519,1.58545E+12,2020-03-29 00:00:00-04:00,102.052,108.592,89.28,96.002,427716175,99.37316
520,1.58606E+12,2020-04-05 00:00:00-04:00,102.24,115.0364,99.592,114.6,295638220,108.60674
521,1.58666E+12,2020-04-12 00:00:00-04:00,118.032,154.99,116.106,150.778,552074660,142.24102
522,1.58727E+12,2020-04-19 00:00:00-04:00,146.54,153.114,134.758,145.03,378264360,143.93844
523,1.58787E+12,2020-04-26 00:00:00-04:00,147.522,173.964,136.608,140.264,565615245,155.05598
524,1.58848E+12,2020-05-03 00:00:00-04:00,140.2,164.8,139.6,163.884,375048750,155.22283
525,1.58908E+12,2020-05-10 00:00:00-04:00,158.102,168.658,152.66,159.834,378463065,160.63671
526,1.58969E+12,2020-05-17 00:00:00-04:00,165.556,166.944,159.2,163.376,254429770,163.41639
527,1.59029E+12,2020-05-24 00:00:00-04:00,166.9,167,157,167,193637645,163.21859
528,1.5909E+12,2020-05-31 00:00:00-04:00,171.6,181.732,170.82,177.132,266499960,176.6109
529,1.5915E+12,2020-06-07 00:00:00-04:00,183.8,205.496,181.832,187.056,384030750,193.27059
530,1.59211E+12,2020-06-14 00:00:00-04:00,183.558,203.84,181.7,200.18,290045955,197.26207
531,1.59271E+12,2020-06-21 00:00:00-04:00,199.99,202.4,187.43,191.948,208983355,195.64258
532,1.59332E+12,2020-06-28 00:00:00-04:00,193.802,245.6,189.704,241.732,282609580,221.45356
533,1.59392E+12,2020-07-05 00:00:00-04:00,255.338,309.783,253.2088,308.93,467105575,278.40264
534,1.59453E+12,2020-07-12 00:00:00-04:00,331.8,358.998,286.2,300.168,515260245,313.6271
535,1.59513E+12,2020-07-19 00:00:00-04:00,303.802,337.8,273.308,283.4,455824235,310.58932
536,1.59574E+12,2020-07-26 00:00:00-04:00,287,312.94,282.6001,286.152,308986500,298.05824
537,1.59634E+12,2020-08-02 00:00:00-04:00,289.84,305.482,283.002,290.542,185030420,295.88344
538,1.59695E+12,2020-08-09 00:00:00-04:00,289.6,333.76,273,330.142,355243095,309.16844
539,1.59755E+12,2020-08-16 00:00:00-04:00,335.4,419.098,334.566,409.996,454955950,384.80656
540,1.59816E+12,2020-08-23 00:00:00-04:00,425.255,463.698,385.504,442.68,443680575,428.35828
541,1.59876E+12,2020-08-30 00:00:00-04:00,444.61,502.49,372.0201,418.32,502567024,444.94602
542,1.59936E+12,2020-09-06 00:00:00-04:00,356,398.99,329.88,372.72,340404909,362.20845
543,1.59997E+12,2020-09-13 00:00:00-04:00,380.95,461.94,373.3,442.15,415922168,432.38506
544,1.60057E+12,2020-09-20 00:00:00-04:00,453.13,455.68,351.3,407.34,451819844,409.2149
545,1.60118E+12,2020-09-27 00:00:00-04:00,424.62,448.88,411.6,415.09,269693773,427.62155
546,1.60178E+12,2020-10-04 00:00:00-04:00,423.35,439,406.05,434,206343526,425.45275
547,1.60239E+12,2020-10-11 00:00:00-04:00,442,465.9,436.6,439.67,189721750,449.41596
548,1.60299E+12,2020-10-18 00:00:00-04:00,446.24,447,407.3801,420.63,173919162,427.78651
549,1.6036E+12,2020-10-25 00:00:00-04:00,411.63,430.5,379.11,388.04,141540023,408.22922
550,1.6042E+12,2020-11-01 00:00:00-04:00,394,440,392.3,429.95,145618062,420.74514
551,1.60481E+12,2020-11-08 00:00:00-05:00,439.5,452.5,396.0301,408.5,122145822,418.50778
552,1.60542E+12,2020-11-15 00:00:00-05:00,408.93,508.6112,404.0868,489.61,265736057,471.64266
553,1.60602E+12,2020-11-22 00:00:00-05:00,503.5,598.78,501.79,585.76,190381828,551.93586
